年度,大会,節,試合日,K/O時刻,ホーム,スコア,アウェイ,スタジアム,入場者数,TV放送,id
2016,Ｊ２,第１節第１日,02/28(日),13:03,金沢,1-2,長崎,石川西部,4,020,スカパー！／スカパー！プレミアムサービス,18201
2016,Ｊ２,第１節第１日,02/28(日),13:03,東京Ｖ,1-0,札幌,味スタ,9,272,スカパー！／スカパー！プレミアムサービス,18200
2016,Ｊ２,第１節第１日,02/28(日),13:04,清水,0-0,愛媛,アイスタ,15,453,スカパー！／スカパー！プレミアムサービス／テレビ静岡,18202
2016,Ｊ２,第１節第１日,02/28(日),13:04,山口,1-1,岡山,維新公園,11,308,スカパー！／スカパー！プレミアムサービス／ＮＨＫ山口／ＮＨＫ岡山,18203
2016,Ｊ２,第１節第１日,02/28(日),13:05,熊本,1-0,松本,うまスタ,8,253,スカパー！／スカパー！プレミアムサービス／ＮＨＫ熊本／ＮＨＫ長野,18204
2016,Ｊ２,第１節第１日,02/28(日),14:03,横浜FC,0-1,讃岐,ニッパツ,9,929,スカパー！／スカパー！プレミアムサービス,18207
2016,Ｊ２,第１節第１日,02/28(日),14:03,町田,0-1,Ｃ大阪,町田,10,112,スカパー！／スカパー！プレミアムサービス,18206
2016,Ｊ２,第１節第１日,02/28(日),14:04,群馬,4-0,岐阜,正田スタ,8,418,スカパー！／スカパー！プレミアムサービス／群馬テレビ,18205
2016,Ｊ２,第１節第１日,02/28(日),16:03,北九州,1-0,山形,本城,4,647,スカパー！／スカパー！プレミアムサービス,18210
2016,Ｊ２,第１節第１日,02/28(日),16:03,千葉,2-1,徳島,フクアリ,12,063,スカパー！／スカパー！プレミアムサービス,18208
2016,Ｊ２,第１節第１日,02/28(日),16:04,京都,1-1,水戸,西京極,6,983,スカパー！／スカパー！プレミアムサービス／ＫＢＳ京都（録）,18209
2016,Ｊ２,第２節第１日,03/06(日),13:03,水戸,0-1,Ｃ大阪,Ｋｓスタ,10,420,スカパー！／スカパー！プレミアムサービス,18211
2016,Ｊ２,第２節第１日,03/06(日),13:03,讃岐,2-1,東京Ｖ,ピカスタ,2,858,スカパー！／スカパー！プレミアムサービス,18212
2016,Ｊ２,第２節第１日,03/06(日),14:03,岡山,2-1,千葉,Ｃスタ,9,288,スカパー！／スカパー！プレミアムサービス,18214
2016,Ｊ２,第２節第１日,03/06(日),14:04,群馬,2-1,金沢,正田スタ,3,236,スカパー！／スカパー！プレミアムサービス／群馬テレビ,18213
2016,Ｊ２,第２節第１日,03/06(日),15:04,愛媛,1-1,山形,ニンスタ,5,084,スカパー！／スカパー！プレミアムサービス／ＮＨＫ松山,18215
2016,Ｊ２,第２節第１日,03/06(日),15:33,北九州,0-1,山口,本城,3,812,スカパー！／スカパー！プレミアムサービス／ＮＨＫ北九州／ＮＨＫ福岡／ＮＨＫ山口,18216
2016,Ｊ２,第２節第１日,03/06(日),16:03,長崎,0-3,清水,長崎県立,6,286,スカパー！／スカパー！プレミアムサービス,18219
2016,Ｊ２,第２節第１日,03/06(日),16:04,徳島,0-1,熊本,鳴門大塚,4,413,スカパー！／スカパー！プレミアムサービス,18218
2016,Ｊ２,第２節第１日,03/06(日),16:04,岐阜,0-4,札幌,長良川,4,898,スカパー！／スカパー！プレミアムサービス／岐阜放送,18217
2016,Ｊ２,第２節第１日,03/06(日),17:03,町田,1-1,京都,町田,3,805,スカパー！／スカパー！プレミアムサービス,18220
2016,Ｊ２,第２節第１日,03/06(日),17:03,横浜FC,0-2,松本,ニッパツ,4,669,スカパー！／スカパー！プレミアムサービス,18221
2016,Ｊ２,第３節第１日,03/12(土),16:05,Ｃ大阪,1-0,群馬,金鳥スタ,13,495,スカパー！／スカパー！プレミアムサービス,18222
2016,Ｊ２,第３節第２日,03/13(日),13:03,岡山,2-2,京都,Ｃスタ,9,098,スカパー！／スカパー！プレミアムサービス／テレビせとうち,18225
2016,Ｊ２,第３節第２日,03/13(日),13:03,札幌,1-1,愛媛,札幌ド,20,012,スカパー！／スカパー！プレミアムサービス／北海道文化放送,18223
2016,Ｊ２,第３節第２日,03/13(日),13:04,徳島,2-2,山形,鳴門大塚,4,358,スカパー！／スカパー！プレミアムサービス,18226
2016,Ｊ２,第３節第２日,03/13(日),13:04,清水,0-0,松本,アイスタ,13,078,スカパー！／スカパー！プレミアムサービス／静岡放送,18224
2016,Ｊ２,第３節第２日,03/13(日),14:04,岐阜,1-0,北九州,長良川,3,215,スカパー！／スカパー！プレミアムサービス／ＮＨＫ岐阜,18227
2016,Ｊ２,第３節第２日,03/13(日),15:03,千葉,1-0,横浜FC,フクアリ,9,419,スカパー！／スカパー！プレミアムサービス,18228
2016,Ｊ２,第３節第２日,03/13(日),16:03,熊本,1-0,東京Ｖ,うまスタ,5,902,スカパー！／スカパー！プレミアムサービス,18232
2016,Ｊ２,第３節第２日,03/13(日),16:03,金沢,0-0,水戸,石川西部,2,929,スカパー！／スカパー！プレミアムサービス,18229
2016,Ｊ２,第３節第２日,03/13(日),16:04,讃岐,2-2,長崎,ピカスタ,2,452,スカパー！／スカパー！プレミアムサービス,18231
2016,Ｊ２,第３節第２日,03/13(日),16:04,山口,0-2,町田,維新公園,4,711,スカパー！／スカパー！プレミアムサービス,18230
2016,Ｊ２,第４節第１日,03/20(日・祝),13:03,水戸,2-3,岡山,Ｋｓスタ,5,193,スカパー！／スカパー！プレミアムサービス,18234
2016,Ｊ２,第４節第１日,03/20(日・祝),13:03,横浜FC,2-0,山口,ニッパツ,3,122,スカパー！／スカパー！プレミアムサービス,18236
2016,Ｊ２,第４節第１日,03/20(日・祝),13:03,東京Ｖ,1-0,徳島,味スタ,3,813,スカパー！／スカパー！プレミアムサービス,18235
2016,Ｊ２,第４節第１日,03/20(日・祝),13:04,山形,0-1,Ｃ大阪,ＮＤスタ,12,603,スカパー！／スカパー！プレミアムサービス,18233
2016,Ｊ２,第４節第１日,03/20(日・祝),13:04,清水,0-2,札幌,アイスタ,12,624,スカパー！／スカパー！プレミアムサービス,18237
2016,Ｊ２,第４節第１日,03/20(日・祝),14:03,松本,0-1,千葉,松本,17,284,スカパー！／スカパー！プレミアムサービス／信越放送,18239
2016,Ｊ２,第４節第１日,03/20(日・祝),14:04,群馬,1-2,讃岐,正田スタ,3,195,スカパー！／スカパー！プレミアムサービス,18238
2016,Ｊ２,第４節第１日,03/20(日・祝),16:03,北九州,1-1,熊本,本城,3,951,スカパー！／スカパー！プレミアムサービス,18243
2016,Ｊ２,第４節第１日,03/20(日・祝),16:03,町田,2-1,金沢,町田,4,013,スカパー！／スカパー！プレミアムサービス,18240
2016,Ｊ２,第４節第１日,03/20(日・祝),16:04,愛媛,0-3,岐阜,ニンスタ,3,549,スカパー！／スカパー！プレミアムサービス,18242
2016,Ｊ２,第４節第１日,03/20(日・祝),16:04,京都,0-0,長崎,西京極,5,658,スカパー！／スカパー！プレミアムサービス／ＫＢＳ京都（録）,18241
2016,Ｊ２,第５節第１日,03/26(土),13:03,松本,3-3,山口,松本,10,895,スカパー！／スカパー！プレミアムサービス,18246
2016,Ｊ２,第５節第１日,03/26(土),13:03,岡山,2-0,北九州,Ｃスタ,7,050,スカパー！／スカパー！プレミアムサービス,18247
2016,Ｊ２,第５節第１日,03/26(土),13:03,札幌,3-1,京都,札幌ド,9,341,スカパー！／スカパー！プレミアムサービス／テレビ北海道,18244
2016,Ｊ２,第５節第１日,03/26(土),13:04,讃岐,1-2,徳島,ピカスタ,4,947,スカパー！／スカパー！プレミアムサービス,18248
2016,Ｊ２,第５節第１日,03/26(土),13:04,山形,0-1,清水,ＮＤスタ,7,161,スカパー！／スカパー！プレミアムサービス,18245
2016,Ｊ２,第５節第１日,03/26(土),14:04,岐阜,1-0,水戸,長良川,4,484,スカパー！／スカパー！プレミアムサービス／岐阜放送,18249
2016,Ｊ２,第５節第１日,03/26(土),15:03,千葉,0-0,群馬,フクアリ,8,555,スカパー！／スカパー！プレミアムサービス,18250
2016,Ｊ２,第５節第１日,03/26(土),16:03,東京Ｖ,0-1,町田,味スタ,5,166,スカパー！／スカパー！プレミアムサービス,18251
2016,Ｊ２,第５節第１日,03/26(土),16:03,横浜FC,0-0,愛媛,ニッパツ,2,523,スカパー！／スカパー！プレミアムサービス,18252
2016,Ｊ２,第５節第１日,03/26(土),16:04,Ｃ大阪,2-2,金沢,金鳥スタ,11,482,スカパー！／スカパー！プレミアムサービス,18253
2016,Ｊ２,第５節第１日,03/26(土),18:03,長崎,0-2,熊本,長崎県立,5,029,スカパー！／スカパー！プレミアムサービス,18254
2016,Ｊ２,第６節第１日,04/03(日),13:03,岡山,1-1,東京Ｖ,Ｃスタ,7,184,スカパー！／スカパー！プレミアムサービス,18258
2016,Ｊ２,第６節第１日,04/03(日),13:03,町田,2-0,札幌,町田,7,146,スカパー！／スカパー！プレミアムサービス,18256
2016,Ｊ２,第６節第１日,04/03(日),13:03,水戸,1-0,群馬,Ｋｓスタ,4,657,スカパー！／スカパー！プレミアムサービス,18255
2016,Ｊ２,第６節第１日,04/03(日),13:03,長崎,1-1,松本,長崎県立,4,072,スカパー！／スカパー！プレミアムサービス,18259
2016,Ｊ２,第６節第１日,04/03(日),13:03,熊本,0-2,清水,うまスタ,9,727,スカパー！／スカパー！プレミアムサービス／熊本放送,18260
2016,Ｊ２,第６節第１日,04/03(日),13:03,金沢,1-2,横浜FC,石川西部,5,018,スカパー！／スカパー！プレミアムサービス,18257
2016,Ｊ２,第６節第１日,04/03(日),14:04,徳島,1-3,岐阜,鳴門大塚,3,508,スカパー！／スカパー！プレミアムサービス,18261
2016,Ｊ２,第６節第１日,04/03(日),16:03,山口,1-0,讃岐,維新公園,5,126,スカパー！／スカパー！プレミアムサービス,18264
2016,Ｊ２,第６節第１日,04/03(日),16:04,Ｃ大阪,2-1,千葉,金鳥スタ,10,719,スカパー！／スカパー！プレミアムサービス,18263
2016,Ｊ２,第６節第１日,04/03(日),16:04,愛媛,2-1,北九州,ニンスタ,2,514,スカパー！／スカパー！プレミアムサービス,18265
2016,Ｊ２,第６節第１日,04/03(日),16:04,京都,3-2,山形,西京極,3,676,スカパー！／スカパー！プレミアムサービス／ＫＢＳ京都（録）,18262
2016,Ｊ２,第７節第１日,04/09(土),13:03,讃岐,3-2,岐阜,ピカスタ,2,350,スカパー！／スカパー！プレミアムサービス,18267
2016,Ｊ２,第７節第１日,04/09(土),13:03,熊本,1-2,山口,うまスタ,6,731,スカパー！／スカパー！プレミアムサービス,18268
2016,Ｊ２,第７節第１日,04/09(土),13:04,山形,0-1,町田,ＮＤスタ,5,320,スカパー！／スカパー！プレミアムサービス,18266
2016,Ｊ２,第７節第１日,04/09(土),15:03,松本,1-0,徳島,松本,10,976,スカパー！／スカパー！プレミアムサービス／長野朝日放送,18270
2016,Ｊ２,第７節第１日,04/09(土),15:03,水戸,1-2,愛媛,Ｋｓスタ,4,070,スカパー！／スカパー！プレミアムサービス,18269
2016,Ｊ２,第７節第１日,04/09(土),16:03,千葉,1-0,金沢,フクアリ,9,280,スカパー！／スカパー！プレミアムサービス,18272
2016,Ｊ２,第７節第１日,04/09(土),16:03,北九州,0-4,横浜FC,本城,3,569,スカパー！／スカパー！プレミアムサービス,18273
2016,Ｊ２,第７節第１日,04/09(土),16:04,群馬,0-1,京都,正田スタ,4,160,スカパー！／スカパー！プレミアムサービス／群馬テレビ,18271
2016,Ｊ２,第７節第１日,04/09(土),18:34,清水,0-2,Ｃ大阪,アイスタ,15,083,スカパー！／スカパー！プレミアムサービス,18274
2016,Ｊ２,第７節第１日,04/09(土),19:03,札幌,1-0,岡山,札幌ド,9,467,スカパー！／スカパー！プレミアムサービス／テレビ北海道,18275
2016,Ｊ２,第７節第２日,04/10(日),14:03,東京Ｖ,0-0,長崎,駒沢,2,752,スカパー！／スカパー！プレミアムサービス,18276
2016,Ｊ２,第８節第１日,04/16(土),16:04,群馬,0-1,岡山,正田スタ,2,641,スカパー！／スカパー！プレミアムサービス,18277
2016,Ｊ２,第８節第２日,04/17(日),13:04,清水,2-2,讃岐,アイスタ,6,552,スカパー！／スカパー！プレミアムサービス,18279
2016,Ｊ２,第８節第２日,04/17(日),13:05,徳島,1-1,山口,鳴門大塚,3,380,スカパー！／スカパー！プレミアムサービス／ＮＨＫ徳島／ＮＨＫ山口,18281
2016,Ｊ２,第８節第２日,04/17(日),13:05,岐阜,0-2,松本,長良川,6,295,スカパー！／スカパー！プレミアムサービス／岐阜放送,18280
2016,Ｊ２,第８節第２日,04/17(日),14:04,山形,1-1,札幌,ＮＤスタ,4,871,スカパー！／スカパー！プレミアムサービス／ＮＨＫ山形,18283
2016,Ｊ２,第８節第２日,04/17(日),16:03,千葉,1-1,町田,フクアリ,7,986,スカパー！／スカパー！プレミアムサービス,18284
2016,Ｊ２,第８節第２日,04/17(日),16:05,Ｃ大阪,1-1,北九州,ヤンマー,18,809,スカパー！／スカパー！プレミアムサービス,18286
2016,Ｊ２,第８節第２日,04/17(日),17:03,横浜FC,1-1,東京Ｖ,ニッパツ,3,238,スカパー！／スカパー！プレミアムサービス,18287
2016,Ｊ２,第９節第１日,04/23(土),13:03,山口,4-2,千葉,維新公園,5,159,スカパー！／スカパー！プレミアムサービス／山口朝日放送,18290
2016,Ｊ２,第９節第１日,04/23(土),13:03,町田,1-0,長崎,町田,4,431,スカパー！／スカパー！プレミアムサービス,18289
2016,Ｊ２,第９節第１日,04/23(土),13:04,札幌,1-0,Ｃ大阪,札幌ド,21,640,スカパー！／スカパー！プレミアムサービス／テレビ北海道,18288
2016,Ｊ２,第９節第１日,04/23(土),14:03,東京Ｖ,0-3,水戸,駒沢,3,999,スカパー！／スカパー！プレミアムサービス,18292
2016,Ｊ２,第９節第１日,04/23(土),16:03,金沢,1-2,岐阜,石川西部,3,008,スカパー！／スカパー！プレミアムサービス,18293
2016,Ｊ２,第９節第１日,04/23(土),16:03,北九州,1-2,清水,本城,2,589,スカパー！／スカパー！プレミアムサービス,18296
2016,Ｊ２,第９節第１日,04/23(土),16:04,愛媛,1-0,讃岐,ニンスタ,4,323,スカパー！／スカパー！プレミアムサービス,18295
2016,Ｊ２,第９節第１日,04/23(土),16:04,京都,0-1,徳島,西京極,4,731,スカパー！／スカパー！プレミアムサービス／ＫＢＳ京都（録）,18294
2016,Ｊ２,第９節第１日,04/23(土),18:34,松本,2-1,群馬,松本,12,034,スカパー！／スカパー！プレミアムサービス,18297
2016,Ｊ２,第９節第１日,04/23(土),19:03,岡山,0-1,山形,Ｃスタ,8,256,スカパー！／スカパー！プレミアムサービス,18298
2016,Ｊ２,第１０節第１日,04/29(金・祝),13:05,長崎,1-3,横浜FC,長崎県立,5,729,スカパー！／スカパー！プレミアムサービス／ＮＨＫ長崎,18300
2016,Ｊ２,第１０節第１日,04/29(金・祝),13:05,讃岐,1-1,北九州,ピカスタ,3,365,スカパー！／スカパー！プレミアムサービス,18299
2016,Ｊ２,第１０節第１日,04/29(金・祝),14:03,札幌,1-0,徳島,札幌ド,14,186,スカパー！／スカパー！プレミアムサービス／ＮＨＫ札幌,18301
2016,Ｊ２,第１０節第１日,04/29(金・祝),14:04,岐阜,1-2,山口,長良川,6,058,スカパー！／スカパー！プレミアムサービス／岐阜放送,18302
2016,Ｊ２,第１０節第１日,04/29(金・祝),14:04,岡山,2-2,町田,Ｃスタ,9,170,スカパー！／スカパー！プレミアムサービス／山陽放送,18303
2016,Ｊ２,第１０節第１日,04/29(金・祝),16:04,Ｃ大阪,0-2,京都,金鳥スタ,14,883,スカパー！／スカパー！プレミアムサービス,18305
2016,Ｊ２,第１０節第１日,04/29(金・祝),17:04,清水,4-1,金沢,アイスタ,11,057,スカパー！／スカパー！プレミアムサービス,18307
2016,Ｊ２,第１０節第１日,04/29(金・祝),17:04,水戸,1-0,千葉,Ｋｓスタ,6,042,スカパー！／スカパー！プレミアムサービス,18306
2016,Ｊ２,第１０節第１日,04/29(金・祝),19:04,愛媛,0-0,松本,ニンスタ,4,235,スカパー！／スカパー！プレミアムサービス,18308
2016,Ｊ２,第１０節第１日,04/29(金・祝),19:34,群馬,2-2,東京Ｖ,正田スタ,3,234,スカパー！／スカパー！プレミアムサービス,18309
2016,Ｊ２,第１１節第１日,05/03(火・祝),13:03,横浜FC,0-2,岡山,日産ス,5,561,スカパー！／スカパー！プレミアムサービス,18310
2016,Ｊ２,第１１節第１日,05/03(火・祝),13:03,山口,2-0,群馬,維新公園,4,332,スカパー！／スカパー！プレミアムサービス,18313
2016,Ｊ２,第１１節第１日,05/03(火・祝),13:03,金沢,0-1,札幌,石川西部,4,623,スカパー！／スカパー！プレミアムサービス／北陸放送（録）,18312
2016,Ｊ２,第１１節第１日,05/03(火・祝),13:04,徳島,1-0,水戸,鳴門大塚,3,698,スカパー！／スカパー！プレミアムサービス,18314
2016,Ｊ２,第１１節第１日,05/03(火・祝),13:04,松本,0-1,Ｃ大阪,松本,17,302,スカパー！／スカパー！プレミアムサービス,18311
2016,Ｊ２,第１１節第１日,05/03(火・祝),14:03,北九州,2-2,長崎,本城,3,219,スカパー！／スカパー！プレミアムサービス,18315
2016,Ｊ２,第１１節第１日,05/03(火・祝),15:03,町田,1-1,岐阜,町田,6,034,スカパー！／スカパー！プレミアムサービス,18316
2016,Ｊ２,第１１節第１日,05/03(火・祝),15:04,京都,2-1,清水,西京極,8,140,スカパー！／スカパー！プレミアムサービス／ＫＢＳ京都（録）,18317
2016,Ｊ２,第１１節第１日,05/03(火・祝),16:03,東京Ｖ,0-1,山形,味スタ,5,515,スカパー！／スカパー！プレミアムサービス,18319
2016,Ｊ２,第１１節第１日,05/03(火・祝),16:04,千葉,1-1,讃岐,フクアリ,11,439,スカパー！／スカパー！プレミアムサービス,18318
2016,Ｊ２,第１２節第１日,05/07(土),13:03,讃岐,0-1,町田,ピカスタ,2,739,スカパー！／スカパー！プレミアムサービス,18322
2016,Ｊ２,第１２節第１日,05/07(土),13:03,水戸,1-1,北九州,Ｋｓスタ,3,917,スカパー！／スカパー！プレミアムサービス,18321
2016,Ｊ２,第１２節第１日,05/07(土),13:05,徳島,0-3,横浜FC,鳴門大塚,4,313,スカパー！／スカパー！プレミアムサービス,18323
2016,Ｊ２,第１２節第１日,05/07(土),16:03,長崎,0-3,岡山,長崎県立,4,015,スカパー！／スカパー！プレミアムサービス,18327
2016,Ｊ２,第１２節第１日,05/07(土),16:03,東京Ｖ,0-4,松本,味スタ,8,664,スカパー！／スカパー！プレミアムサービス,18325
2016,Ｊ２,第１２節第１日,05/07(土),16:04,山形,3-1,群馬,ＮＤスタ,5,362,スカパー！／スカパー！プレミアムサービス,18324
2016,Ｊ２,第１２節第１日,05/07(土),16:04,京都,1-1,千葉,西京極,5,529,スカパー！／スカパー！プレミアムサービス／ＫＢＳ京都（録）,18326
2016,Ｊ２,第１２節第１日,05/07(土),18:33,山口,0-1,金沢,維新公園,6,339,スカパー！／スカパー！プレミアムサービス,18328
2016,Ｊ２,第１２節第１日,05/07(土),19:04,愛媛,0-0,Ｃ大阪,ニンスタ,7,740,スカパー！／スカパー！プレミアムサービス,18330
2016,Ｊ２,第１２節第２日,05/08(日),18:04,岐阜,1-1,清水,長良川,6,124,スカパー！／スカパー！プレミアムサービス／岐阜放送（録）,18331
2016,Ｊ２,第１３節第１日,05/15(日),13:03,金沢,1-1,東京Ｖ,石川西部,3,902,スカパー！／スカパー！プレミアムサービス,18334
2016,Ｊ２,第１３節第１日,05/15(日),13:03,水戸,0-1,札幌,Ｋｓスタ,6,028,スカパー！／スカパー！プレミアムサービス,18332
2016,Ｊ２,第１３節第１日,05/15(日),13:03,長崎,1-1,山形,長崎県立,5,115,スカパー！／スカパー！プレミアムサービス,18336
2016,Ｊ２,第１３節第１日,05/15(日),13:04,松本,0-0,讃岐,松本,11,402,スカパー！／スカパー！プレミアムサービス,18333
2016,Ｊ２,第１３節第１日,05/15(日),13:04,清水,0-1,徳島,アイスタ,10,469,スカパー！／スカパー！プレミアムサービス,18335
2016,Ｊ２,第１３節第１日,05/15(日),14:03,岡山,0-1,岐阜,Ｃスタ,9,464,スカパー！／スカパー！プレミアムサービス,18337
2016,Ｊ２,第１３節第１日,05/15(日),16:03,町田,0-1,北九州,町田,4,722,スカパー！／スカパー！プレミアムサービス,18340
2016,Ｊ２,第１３節第１日,05/15(日),16:04,愛媛,0-1,京都,ニンスタ,3,841,スカパー！／スカパー！プレミアムサービス,18342
2016,Ｊ２,第１３節第１日,05/15(日),16:04,群馬,3-1,横浜FC,正田スタ,8,369,スカパー！／スカパー！プレミアムサービス／群馬テレビ（録）,18338
2016,Ｊ２,第１３節第１日,05/15(日),16:04,Ｃ大阪,2-4,山口,金鳥スタ,10,857,スカパー！／スカパー！プレミアムサービス,18341
2016,Ｊ２,第１３節第１日,05/15(日),16:04,千葉,2-0,熊本,フクアリ,14,163,スカパー！／スカパー！プレミアムサービス／ＮＨＫ　ＢＳ１,18339
2016,Ｊ２,第８節第３日,05/18(水),19:03,金沢,2-1,愛媛,石川西部,1,924,スカパー！／スカパー！プレミアムサービス,18278
2016,Ｊ２,第１４節第１日,05/22(日),13:03,讃岐,0-1,札幌,ピカスタ,3,208,スカパー！／スカパー！プレミアムサービス,18345
2016,Ｊ２,第１４節第１日,05/22(日),13:03,松本,1-0,町田,松本,12,462,スカパー！／スカパー！プレミアムサービス／長野放送,18344
2016,Ｊ２,第１４節第１日,05/22(日),13:04,山形,0-0,金沢,ＮＤスタ,6,483,スカパー！／スカパー！プレミアムサービス,18343
2016,Ｊ２,第１４節第１日,05/22(日),13:05,徳島,1-1,群馬,鳴門大塚,3,649,スカパー！／スカパー！プレミアムサービス,18346
2016,Ｊ２,第１４節第１日,05/22(日),14:03,北九州,1-2,京都,本城,3,682,スカパー！／スカパー！プレミアムサービス／九州朝日放送,18348
2016,Ｊ２,第１４節第１日,05/22(日),14:03,岡山,2-1,愛媛,Ｃスタ,8,486,スカパー！／スカパー！プレミアムサービス,18347
2016,Ｊ２,第１４節第１日,05/22(日),15:04,熊本,0-1,水戸,柏,8,201,スカパー！／スカパー！プレミアムサービス,18353
2016,Ｊ２,第１４節第１日,05/22(日),16:03,東京Ｖ,2-1,清水,味スタ,8,792,スカパー！／スカパー！プレミアムサービス,18350
2016,Ｊ２,第１４節第１日,05/22(日),16:03,千葉,3-2,岐阜,フクアリ,10,147,スカパー！／スカパー！プレミアムサービス,18349
2016,Ｊ２,第１４節第１日,05/22(日),16:03,横浜FC,1-1,Ｃ大阪,ニッパツ,10,524,スカパー！／スカパー！プレミアムサービス,18351
2016,Ｊ２,第１４節第１日,05/22(日),16:03,山口,0-3,長崎,維新公園,6,609,スカパー！／スカパー！プレミアムサービス,18352
2016,Ｊ２,第１５節第１日,05/28(土),13:04,徳島,1-0,北九州,鳴門大塚,3,490,スカパー！／スカパー！プレミアムサービス,18355
2016,Ｊ２,第１５節第１日,05/28(土),13:05,讃岐,1-1,水戸,ピカスタ,1,924,スカパー！／スカパー！プレミアムサービス,18354
2016,Ｊ２,第１５節第１日,05/28(土),14:03,札幌,3-1,山口,札幌ド,10,920,スカパー！／スカパー！プレミアムサービス／ＮＨＫ札幌／ＮＨＫ山口,18356
2016,Ｊ２,第１５節第１日,05/28(土),14:03,京都,1-0,横浜FC,西京極,9,903,スカパー！／スカパー！プレミアムサービス／ＮＨＫ京都／ＫＢＳ京都（録）,18358
2016,Ｊ２,第１５節第１日,05/28(土),14:04,清水,8-0,群馬,アイスタ,8,310,スカパー！／スカパー！プレミアムサービス,18357
2016,Ｊ２,第１５節第１日,05/28(土),16:05,岐阜,0-1,山形,長良川,8,248,スカパー！／スカパー！プレミアムサービス／岐阜放送,18359
2016,Ｊ２,第１５節第１日,05/28(土),18:03,長崎,1-1,千葉,長崎県立,5,762,スカパー！／スカパー！プレミアムサービス,18361
2016,Ｊ２,第１５節第１日,05/28(土),18:34,Ｃ大阪,2-1,岡山,ヤンマー,13,774,スカパー！／スカパー！プレミアムサービス,18362
2016,Ｊ２,第１５節第１日,05/28(土),19:33,熊本,0-2,町田,ノエスタ,2,509,スカパー！／スカパー！プレミアムサービス,18360
2016,Ｊ２,第１５節第２日,05/29(日),19:03,金沢,0-2,松本,石川西部,7,636,スカパー！／スカパー！プレミアムサービス,18363
2016,Ｊ２,第１５節第２日,05/29(日),19:04,愛媛,0-0,東京Ｖ,ニンスタ,2,019,スカパー！／スカパー！プレミアムサービス,18364
2016,Ｊ２,第１６節第１日,06/04(土),13:03,岡山,2-1,熊本,Ｃスタ,7,308,スカパー！／スカパー！プレミアムサービス／岡山放送,18366
2016,Ｊ２,第１６節第１日,06/04(土),13:03,山口,3-1,東京Ｖ,維新公園,4,909,スカパー！／スカパー！プレミアムサービス,18367
2016,Ｊ２,第１６節第１日,06/04(土),13:04,岐阜,2-4,長崎,長良川,4,074,スカパー！／スカパー！プレミアムサービス,18365
2016,Ｊ２,第１６節第１日,06/04(土),14:04,山形,0-0,横浜FC,ＮＤスタ,6,659,スカパー！／スカパー！プレミアムサービス／山形テレビ,18368
2016,Ｊ２,第１６節第１日,06/04(土),15:03,松本,2-1,北九州,松本,11,140,スカパー！／スカパー！プレミアムサービス／テレビ信州,18369
2016,Ｊ２,第１６節第１日,06/04(土),16:03,水戸,0-0,清水,Ｋｓスタ,8,827,スカパー！／スカパー！プレミアムサービス,18370
2016,Ｊ２,第１６節第１日,06/04(土),16:03,町田,1-0,徳島,町田,4,021,スカパー！／スカパー！プレミアムサービス,18371
2016,Ｊ２,第１６節第１日,06/04(土),16:04,Ｃ大阪,2-3,讃岐,ヤンマー,18,002,スカパー！／スカパー！プレミアムサービス,18372
2016,Ｊ２,第１６節第１日,06/04(土),18:03,金沢,1-1,京都,石川西部,3,069,スカパー！／スカパー！プレミアムサービス,18373
2016,Ｊ２,第１６節第１日,06/04(土),19:03,札幌,2-2,千葉,札幌ド,11,937,スカパー！／スカパー！プレミアムサービス／テレビ北海道,18374
2016,Ｊ２,第１６節第１日,06/04(土),19:34,群馬,1-2,愛媛,正田スタ,4,085,スカパー！／スカパー！プレミアムサービス／群馬テレビ,18375
2016,Ｊ２,第１７節第１日,06/08(水),19:03,町田,1-2,清水,町田,6,171,スカパー！／スカパー！プレミアムサービス,18378
2016,Ｊ２,第１７節第１日,06/08(水),19:03,熊本,5-2,金沢,ベアスタ,2,638,スカパー！／スカパー！プレミアムサービス,18386
2016,Ｊ２,第１７節第１日,06/08(水),19:03,讃岐,1-3,京都,ピカスタ,2,153,スカパー！／スカパー！プレミアムサービス,18382
2016,Ｊ２,第１７節第１日,06/08(水),19:03,長崎,1-2,Ｃ大阪,長崎県立,6,342,スカパー！／スカパー！プレミアムサービス,18385
2016,Ｊ２,第１７節第１日,06/08(水),19:03,千葉,3-0,山形,フクアリ,7,684,スカパー！／スカパー！プレミアムサービス,18376
2016,Ｊ２,第１７節第１日,06/08(水),19:03,北九州,0-3,群馬,本城,2,115,スカパー！／スカパー！プレミアムサービス,18384
2016,Ｊ２,第１７節第１日,06/08(水),19:03,東京Ｖ,1-1,岐阜,味フィ西,3,120,スカパー！／スカパー！プレミアムサービス,18377
2016,Ｊ２,第１７節第１日,06/08(水),19:03,横浜FC,1-1,水戸,ニッパツ,2,077,スカパー！／スカパー！プレミアムサービス,18379
2016,Ｊ２,第１７節第１日,06/08(水),19:03,松本,3-2,札幌,松本,10,796,スカパー！／スカパー！プレミアムサービス,18380
2016,Ｊ２,第１７節第１日,06/08(水),19:03,山口,1-1,愛媛,維新公園,3,629,スカパー！／スカパー！プレミアムサービス,18381
2016,Ｊ２,第１７節第１日,06/08(水),19:04,徳島,2-3,岡山,鳴門大塚,3,218,スカパー！／スカパー！プレミアムサービス,18383
2016,Ｊ２,第１８節第１日,06/12(日),13:03,水戸,2-2,町田,Ｋｓスタ,4,280,スカパー！／スカパー！プレミアムサービス／ＮＨＫ水戸,18387
2016,Ｊ２,第１８節第１日,06/12(日),13:04,清水,3-0,横浜FC,アイスタ,11,647,スカパー！／スカパー！プレミアムサービス／テレビ静岡,18388
2016,Ｊ２,第１８節第１日,06/12(日),13:05,岐阜,0-1,Ｃ大阪,長良川,8,087,スカパー！／スカパー！プレミアムサービス／岐阜放送,18389
2016,Ｊ２,第１８節第１日,06/12(日),14:03,北九州,3-2,金沢,本城,1,795,スカパー！／スカパー！プレミアムサービス,18391
2016,Ｊ２,第１８節第１日,06/12(日),14:04,山形,2-1,讃岐,ＮＤスタ,7,043,スカパー！／スカパー！プレミアムサービス,18390
2016,Ｊ２,第１８節第１日,06/12(日),16:03,千葉,2-2,東京Ｖ,フクアリ,11,196,スカパー！／スカパー！プレミアムサービス,18393
2016,Ｊ２,第１８節第１日,06/12(日),16:04,京都,3-0,山口,西京極,5,925,スカパー！／スカパー！プレミアムサービス／ＫＢＳ京都（録）,18394
2016,Ｊ２,第１８節第１日,06/12(日),16:04,群馬,1-1,熊本,正田スタ,4,710,スカパー！／スカパー！プレミアムサービス,18392
2016,Ｊ２,第１８節第１日,06/12(日),19:03,岡山,2-1,松本,Ｃスタ,8,193,スカパー！／スカパー！プレミアムサービス,18395
2016,Ｊ２,第１８節第１日,06/12(日),19:04,愛媛,0-2,徳島,ニンスタ,4,460,スカパー！／スカパー！プレミアムサービス,18396
2016,Ｊ２,第１８節第２日,06/13(月),19:03,札幌,2-1,長崎,札幌ド,10,607,スカパー！／スカパー！プレミアムサービス,18397
2016,Ｊ２,第１９節第１日,06/19(日),14:03,札幌,1-0,北九州,札幌ド,11,957,スカパー！／スカパー！プレミアムサービス／テレビ北海道,18398
2016,Ｊ２,第１９節第１日,06/19(日),18:03,横浜FC,1-2,岐阜,ニッパツ,3,017,スカパー！／スカパー！プレミアムサービス,18401
2016,Ｊ２,第１９節第１日,06/19(日),18:03,町田,0-1,愛媛,町田,3,481,スカパー！／スカパー！プレミアムサービス,18400
2016,Ｊ２,第１９節第１日,06/19(日),18:03,山口,1-0,水戸,維新公園,4,599,スカパー！／スカパー！プレミアムサービス,18404
2016,Ｊ２,第１９節第１日,06/19(日),18:03,松本,1-0,山形,松本,12,141,スカパー！／スカパー！プレミアムサービス,18402
2016,Ｊ２,第１９節第１日,06/19(日),18:03,熊本,2-0,讃岐,ベアスタ,5,191,スカパー！／スカパー！プレミアムサービス,18406
2016,Ｊ２,第１９節第１日,06/19(日),18:03,長崎,2-2,群馬,長崎県立,4,084,スカパー！／スカパー！プレミアムサービス,18405
2016,Ｊ２,第１９節第１日,06/19(日),18:03,東京Ｖ,2-1,京都,味スタ,4,209,スカパー！／スカパー！プレミアムサービス,18399
2016,Ｊ２,第１９節第１日,06/19(日),18:05,清水,1-1,千葉,アイスタ,8,730,スカパー！／スカパー！プレミアムサービス,18403
2016,Ｊ２,第１９節第１日,06/19(日),19:04,Ｃ大阪,3-2,徳島,金鳥スタ,8,464,スカパー！／スカパー！プレミアムサービス,18407
2016,Ｊ２,第１９節第２日,06/20(月),19:03,金沢,1-1,岡山,石川西部,2,418,スカパー！／スカパー！プレミアムサービス,18408
2016,Ｊ２,第２０節第１日,06/26(日),18:03,千葉,1-2,北九州,フクアリ,10,344,スカパー！／スカパー！プレミアムサービス,18410
2016,Ｊ２,第２０節第１日,06/26(日),18:03,横浜FC,1-0,町田,ニッパツ,6,871,スカパー！／スカパー！プレミアムサービス,18411
2016,Ｊ２,第２０節第１日,06/26(日),18:03,山口,0-4,清水,維新公園,7,310,スカパー！／スカパー！プレミアムサービス,18413
2016,Ｊ２,第２０節第１日,06/26(日),18:04,岐阜,2-3,熊本,長良川,4,507,スカパー！／スカパー！プレミアムサービス／岐阜放送（録）,18412
2016,Ｊ２,第２０節第１日,06/26(日),18:04,山形,2-2,水戸,ＮＤスタ,5,113,スカパー！／スカパー！プレミアムサービス,18409
2016,Ｊ２,第２０節第１日,06/26(日),18:04,徳島,0-1,金沢,鳴門大塚,3,525,スカパー！／スカパー！プレミアムサービス,18414
2016,Ｊ２,第２０節第１日,06/26(日),19:03,讃岐,0-1,岡山,ピカスタ,6,716,スカパー！／スカパー！プレミアムサービス,18417
2016,Ｊ２,第２０節第１日,06/26(日),19:04,愛媛,0-1,長崎,ニンスタ,2,670,スカパー！／スカパー！プレミアムサービス,18418
2016,Ｊ２,第２０節第１日,06/26(日),19:04,京都,1-2,松本,西京極,5,970,スカパー！／スカパー！プレミアムサービス／ＫＢＳ京都,18415
2016,Ｊ２,第２０節第１日,06/26(日),19:04,Ｃ大阪,1-0,東京Ｖ,金鳥スタ,10,171,スカパー！／スカパー！プレミアムサービス,18416
2016,Ｊ２,第２０節第１日,06/26(日),19:34,群馬,0-1,札幌,正田スタ,3,184,スカパー！／スカパー！プレミアムサービス,18419
2016,Ｊ２,第８節第４日,06/29(水),19:04,京都,1-1,熊本,西京極,2,884,スカパー！／スカパー！プレミアムサービス／ＫＢＳ京都,18285
2016,Ｊ２,第２１節第１日,07/03(日),14:03,札幌,5-2,横浜FC,函館,10,442,スカパー！／スカパー！プレミアムサービス／テレビ北海道,18420
2016,Ｊ２,第２１節第１日,07/03(日),18:03,岡山,2-2,清水,Ｃスタ,11,090,スカパー！／スカパー！プレミアムサービス,18424
2016,Ｊ２,第２１節第１日,07/03(日),18:03,水戸,2-3,松本,Ｋｓスタ,5,328,スカパー！／スカパー！プレミアムサービス,18422
2016,Ｊ２,第２１節第１日,07/03(日),18:03,熊本,1-5,Ｃ大阪,うまスタ,9,322,スカパー！／スカパー！プレミアムサービス,18427
2016,Ｊ２,第２１節第１日,07/03(日),18:04,徳島,0-0,長崎,鳴門大塚,3,243,スカパー！／スカパー！プレミアムサービス,18425
2016,Ｊ２,第２１節第１日,07/03(日),18:04,山形,2-1,山口,ＮＤスタ,4,597,スカパー！／スカパー！プレミアムサービス,18421
2016,Ｊ２,第２１節第１日,07/03(日),18:05,金沢,0-0,讃岐,石川西部,2,844,スカパー！／スカパー！プレミアムサービス,18423
2016,Ｊ２,第２１節第１日,07/03(日),18:33,北九州,2-1,東京Ｖ,本城,2,864,スカパー！／スカパー！プレミアムサービス,18426
2016,Ｊ２,第２１節第１日,07/03(日),19:04,愛媛,2-1,千葉,ニンスタ,2,829,スカパー！／スカパー！プレミアムサービス,18429
2016,Ｊ２,第２１節第１日,07/03(日),19:05,岐阜,0-1,京都,長良川,4,126,スカパー！／スカパー！プレミアムサービス,18428
2016,Ｊ２,第２１節第１日,07/03(日),19:34,群馬,2-2,町田,正田スタ,2,374,スカパー！／スカパー！プレミアムサービス,18430
2016,Ｊ２,第１０節第２日,07/06(水),19:04,山形,4-1,熊本,ＮＤスタ,3,303,スカパー！／スカパー！プレミアムサービス,18304
2016,Ｊ２,第２２節第１日,07/09(土),19:04,Ｃ大阪,0-0,札幌,金鳥スタ,13,443,スカパー！／スカパー！プレミアムサービス,18431
2016,Ｊ２,第２２節第２日,07/10(日),18:03,千葉,0-1,水戸,フクアリ,9,132,スカパー！／スカパー！プレミアムサービス,18432
2016,Ｊ２,第２２節第２日,07/10(日),18:03,東京Ｖ,2-1,岡山,味スタ,4,944,スカパー！／スカパー！プレミアムサービス,18433
2016,Ｊ２,第２２節第２日,07/10(日),18:03,山口,5-1,北九州,維新公園,6,232,スカパー！／スカパー！プレミアムサービス,18438
2016,Ｊ２,第２２節第２日,07/10(日),18:03,横浜FC,0-2,徳島,ニッパツ,3,034,スカパー！／スカパー！プレミアムサービス,18435
2016,Ｊ２,第２２節第２日,07/10(日),18:03,町田,2-1,山形,町田,4,412,スカパー！／スカパー！プレミアムサービス,18434
2016,Ｊ２,第２２節第２日,07/10(日),18:03,長崎,2-1,岐阜,長崎県立,9,048,スカパー！／スカパー！プレミアムサービス,18440
2016,Ｊ２,第２２節第２日,07/10(日),18:04,松本,4-2,金沢,松本,13,323,スカパー！／スカパー！プレミアムサービス,18436
2016,Ｊ２,第２２節第２日,07/10(日),18:04,清水,4-0,熊本,アイスタ,10,553,スカパー！／スカパー！プレミアムサービス,18437
2016,Ｊ２,第２２節第２日,07/10(日),18:04,讃岐,1-1,愛媛,ピカスタ,4,539,スカパー！／スカパー！プレミアムサービス,18439
2016,Ｊ２,第２２節第２日,07/10(日),19:04,京都,0-0,群馬,西京極,4,545,スカパー！／スカパー！プレミアムサービス／ＫＢＳ京都,18441
2016,Ｊ２,第２３節第１日,07/16(土),18:03,長崎,2-1,東京Ｖ,長崎県立,4,741,スカパー！／スカパー！プレミアムサービス,18448
2016,Ｊ２,第２３節第１日,07/16(土),18:03,水戸,1-0,岐阜,Ｋｓスタ,4,318,スカパー！／スカパー！プレミアムサービス,18442
2016,Ｊ２,第２３節第１日,07/16(土),18:03,讃岐,0-2,山口,ピカスタ,3,212,スカパー！／スカパー！プレミアムサービス,18445
2016,Ｊ２,第２３節第１日,07/16(土),18:03,北九州,1-2,松本,本城,3,125,スカパー！／スカパー！プレミアムサービス,18447
2016,Ｊ２,第２３節第１日,07/16(土),18:03,横浜FC,1-1,熊本,ニッパツ,3,296,スカパー！／スカパー！プレミアムサービス,18444
2016,Ｊ２,第２３節第１日,07/16(土),18:04,群馬,0-2,Ｃ大阪,正田スタ,6,986,スカパー！／スカパー！プレミアムサービス／群馬テレビ（録）,18443
2016,Ｊ２,第２３節第１日,07/16(土),18:04,徳島,2-1,京都,鳴門大塚,4,191,スカパー！／スカパー！プレミアムサービス,18446
2016,Ｊ２,第２３節第１日,07/16(土),18:33,町田,2-3,千葉,町田,6,412,スカパー！／スカパー！プレミアムサービス,18449
2016,Ｊ２,第２３節第１日,07/16(土),19:03,岡山,0-0,札幌,Ｃスタ,13,304,スカパー！／スカパー！プレミアムサービス／テレビせとうち,18451
2016,Ｊ２,第２３節第１日,07/16(土),19:03,金沢,1-0,山形,石川西部,4,080,スカパー！／スカパー！プレミアムサービス,18450
2016,Ｊ２,第２３節第１日,07/16(土),19:04,愛媛,2-2,清水,ニンスタ,4,897,スカパー！／スカパー！プレミアムサービス,18452
2016,Ｊ２,第２４節第１日,07/20(水),19:03,熊本,1-0,徳島,うまスタ,3,701,スカパー！／スカパー！プレミアムサービス,18463
2016,Ｊ２,第２４節第１日,07/20(水),19:03,水戸,0-2,長崎,Ｋｓスタ,3,815,スカパー！／スカパー！プレミアムサービス,18455
2016,Ｊ２,第２４節第１日,07/20(水),19:04,札幌,1-0,松本,札幌ド,12,901,スカパー！／スカパー！プレミアムサービス／北海道放送（録）,18453
2016,Ｊ２,第２４節第１日,07/20(水),19:04,清水,0-1,東京Ｖ,アイスタ,7,083,スカパー！／スカパー！プレミアムサービス,18457
2016,Ｊ２,第２４節第１日,07/20(水),19:04,群馬,2-2,北九州,正田スタ,2,831,スカパー！／スカパー！プレミアムサービス,18456
2016,Ｊ２,第２４節第１日,07/20(水),19:04,岐阜,0-1,金沢,長良川,4,081,スカパー！／スカパー！プレミアムサービス,18458
2016,Ｊ２,第２４節第１日,07/20(水),19:04,Ｃ大阪,1-3,町田,金鳥スタ,9,323,スカパー！／スカパー！プレミアムサービス,18460
2016,Ｊ２,第２４節第１日,07/20(水),19:04,愛媛,1-1,山口,ニンスタ,2,835,スカパー！／スカパー！プレミアムサービス,18462
2016,Ｊ２,第２４節第１日,07/20(水),19:04,山形,1-1,千葉,ＮＤスタ,4,410,スカパー！／スカパー！プレミアムサービス,18454
2016,Ｊ２,第２４節第１日,07/20(水),19:04,岡山,0-1,横浜FC,Ｃスタ,10,753,スカパー！／スカパー！プレミアムサービス,18461
2016,Ｊ２,第２４節第１日,07/20(水),19:04,京都,1-0,讃岐,西京極,4,458,スカパー！／スカパー！プレミアムサービス／ＫＢＳ京都,18459
2016,Ｊ２,第２５節第１日,07/24(日),18:03,千葉,3-4,清水,フクアリ,12,400,スカパー！／スカパー！プレミアムサービス,18465
2016,Ｊ２,第２５節第１日,07/24(日),18:03,讃岐,2-1,Ｃ大阪,ピカスタ,11,376,スカパー！／スカパー！プレミアムサービス,18470
2016,Ｊ２,第２５節第１日,07/24(日),18:03,東京Ｖ,1-2,群馬,味スタ,3,739,スカパー！／スカパー！プレミアムサービス,18466
2016,Ｊ２,第２５節第１日,07/24(日),18:03,横浜FC,2-2,北九州,ニッパツ,2,644,スカパー！／スカパー！プレミアムサービス,18467
2016,Ｊ２,第２５節第１日,07/24(日),18:03,金沢,0-0,熊本,石川西部,3,304,スカパー！／スカパー！プレミアムサービス,18469
2016,Ｊ２,第２５節第１日,07/24(日),18:04,松本,1-0,長崎,松本,12,547,スカパー！／スカパー！プレミアムサービス,18468
2016,Ｊ２,第２５節第１日,07/24(日),18:04,山形,0-1,岡山,ＮＤスタ,5,312,スカパー！／スカパー！プレミアムサービス,18464
2016,Ｊ２,第２５節第１日,07/24(日),18:04,徳島,2-0,愛媛,鳴門大塚,8,962,スカパー！／スカパー！プレミアムサービス,18471
2016,Ｊ２,第２５節第１日,07/24(日),19:03,山口,1-1,京都,維新公園,5,226,スカパー！／スカパー！プレミアムサービス,18473
2016,Ｊ２,第２５節第１日,07/24(日),19:03,町田,3-3,水戸,町田,3,448,スカパー！／スカパー！プレミアムサービス,18472
2016,Ｊ２,第２５節第２日,07/25(月),19:03,札幌,5-0,岐阜,札幌ド,11,301,スカパー！／スカパー！プレミアムサービス／北海道文化放送（録）,18474
2016,Ｊ２,第２６節第１日,07/31(日),18:03,横浜FC,2-1,千葉,ニッパツ,7,396,スカパー！／スカパー！プレミアムサービス,18477
2016,Ｊ２,第２６節第１日,07/31(日),18:03,長崎,1-0,町田,長崎県立,5,009,スカパー！／スカパー！プレミアムサービス,18483
2016,Ｊ２,第２６節第１日,07/31(日),18:03,水戸,3-0,金沢,Ｋｓスタ,4,506,スカパー！／スカパー！プレミアムサービス,18475
2016,Ｊ２,第２６節第１日,07/31(日),18:03,北九州,1-3,岡山,本城,3,575,スカパー！／スカパー！プレミアムサービス／ＲＫＢ毎日放送（録）,18482
2016,Ｊ２,第２６節第１日,07/31(日),18:03,讃岐,2-1,山形,ピカスタ,2,494,スカパー！／スカパー！プレミアムサービス,18480
2016,Ｊ２,第２６節第１日,07/31(日),18:04,東京Ｖ,1-0,熊本,味スタ,5,723,スカパー！／スカパー！プレミアムサービス,18476
2016,Ｊ２,第２６節第１日,07/31(日),18:04,清水,2-0,岐阜,アイスタ,11,143,スカパー！／スカパー！プレミアムサービス,18478
2016,Ｊ２,第２６節第１日,07/31(日),18:04,徳島,2-2,松本,鳴門大塚,4,642,スカパー！／スカパー！プレミアムサービス,18481
2016,Ｊ２,第２６節第１日,07/31(日),18:05,京都,3-3,Ｃ大阪,西京極,12,042,スカパー！／スカパー！プレミアムサービス,18479
2016,Ｊ２,第２６節第１日,07/31(日),19:03,山口,1-2,札幌,維新公園,7,510,スカパー！／スカパー！プレミアムサービス,18484
2016,Ｊ２,第２６節第１日,07/31(日),19:04,愛媛,1-0,群馬,ニンスタ,3,278,スカパー！／スカパー！プレミアムサービス,18485
2016,Ｊ２,第２７節第１日,08/07(日),14:03,札幌,3-2,清水,札幌ド,17,576,スカパー！／スカパー！プレミアムサービス／テレビ北海道,18486
2016,Ｊ２,第２７節第１日,08/07(日),18:03,千葉,0-0,愛媛,フクアリ,8,295,スカパー！／スカパー！プレミアムサービス／千葉テレビ,18487
2016,Ｊ２,第２７節第１日,08/07(日),18:03,金沢,1-1,北九州,石川西部,4,005,スカパー！／スカパー！プレミアムサービス,18489
2016,Ｊ２,第２７節第１日,08/07(日),18:04,松本,0-0,水戸,松本,13,379,スカパー！／スカパー！プレミアムサービス,18488
2016,Ｊ２,第２７節第１日,08/07(日),18:04,岐阜,1-1,讃岐,長良川,4,431,スカパー！／スカパー！プレミアムサービス,18490
2016,Ｊ２,第２７節第１日,08/07(日),19:03,岡山,1-0,徳島,Ｃスタ,10,443,スカパー！／スカパー！プレミアムサービス,18495
2016,Ｊ２,第２７節第１日,08/07(日),19:03,町田,2-3,山口,町田,4,107,スカパー！／スカパー！プレミアムサービス,18492
2016,Ｊ２,第２７節第１日,08/07(日),19:03,熊本,1-2,長崎,うまスタ,6,572,スカパー！／スカパー！プレミアムサービス,18496
2016,Ｊ２,第２７節第１日,08/07(日),19:04,群馬,2-0,山形,正田スタ,3,862,スカパー！／スカパー！プレミアムサービス／群馬テレビ,18491
2016,Ｊ２,第２７節第１日,08/07(日),19:04,京都,2-0,東京Ｖ,西京極,6,030,スカパー！／スカパー！プレミアムサービス／ＫＢＳ京都,18493
2016,Ｊ２,第２７節第１日,08/07(日),19:04,Ｃ大阪,2-3,横浜FC,金鳥スタ,13,246,スカパー！／スカパー！プレミアムサービス,18494
2016,Ｊ２,第２８節第１日,08/11(木・祝),18:03,水戸,1-1,熊本,Ｋｓスタ,4,952,スカパー！／スカパー！プレミアムサービス,18498
2016,Ｊ２,第２８節第１日,08/11(木・祝),18:03,讃岐,1-3,群馬,ピカスタ,2,744,スカパー！／スカパー！プレミアムサービス,18503
2016,Ｊ２,第２８節第１日,08/11(木・祝),18:03,横浜FC,1-0,札幌,ニッパツ,6,843,スカパー！／スカパー！プレミアムサービス,18500
2016,Ｊ２,第２８節第１日,08/11(木・祝),18:03,北九州,0-2,千葉,本城,3,981,スカパー！／スカパー！プレミアムサービス,18504
2016,Ｊ２,第２８節第１日,08/11(木・祝),18:03,東京Ｖ,4-1,金沢,味スタ,3,658,スカパー！／スカパー！プレミアムサービス,18499
2016,Ｊ２,第２８節第１日,08/11(木・祝),18:04,清水,2-0,長崎,アイスタ,10,356,スカパー！／スカパー！プレミアムサービス,18502
2016,Ｊ２,第２８節第１日,08/11(木・祝),18:04,山形,0-0,京都,ＮＤスタ,14,450,スカパー！／スカパー！プレミアムサービス,18497
2016,Ｊ２,第２８節第１日,08/11(木・祝),18:04,松本,1-1,岐阜,松本,15,602,スカパー！／スカパー！プレミアムサービス,18501
2016,Ｊ２,第２８節第１日,08/11(木・祝),19:04,山口,0-2,Ｃ大阪,維新公園,14,532,スカパー！／スカパー！プレミアムサービス,18505
2016,Ｊ２,第２８節第１日,08/11(木・祝),19:04,徳島,1-1,町田,鳴門大塚,3,703,スカパー！／スカパー！プレミアムサービス,18506
2016,Ｊ２,第２８節第１日,08/11(木・祝),19:04,愛媛,1-1,岡山,ニンスタ,5,747,スカパー！／スカパー！プレミアムサービス,18507
2016,Ｊ２,第２９節第１日,08/14(日),13:33,札幌,3-1,山形,札幌ド,20,225,スカパー！／スカパー！プレミアムサービス／テレビ北海道,18508
2016,Ｊ２,第２９節第１日,08/14(日),18:03,北九州,1-1,愛媛,本城,1,958,スカパー！／スカパー！プレミアムサービス,18513
2016,Ｊ２,第２９節第１日,08/14(日),18:03,岐阜,1-1,徳島,長良川,4,109,スカパー！／スカパー！プレミアムサービス／岐阜放送（録）,18512
2016,Ｊ２,第２９節第１日,08/14(日),18:03,長崎,0-0,金沢,トラスタ,4,315,スカパー！／スカパー！プレミアムサービス,18514
2016,Ｊ２,第２９節第１日,08/14(日),18:04,清水,2-2,山口,アイスタ,12,729,スカパー！／スカパー！プレミアムサービス,18511
2016,Ｊ２,第２９節第１日,08/14(日),18:06,東京Ｖ,0-2,横浜FC,味スタ,7,235,スカパー！／スカパー！プレミアムサービス,18510
2016,Ｊ２,第２９節第１日,08/14(日),19:03,熊本,3-0,千葉,うまスタ,4,538,スカパー！／スカパー！プレミアムサービス,18518
2016,Ｊ２,第２９節第１日,08/14(日),19:03,岡山,3-1,讃岐,Ｃスタ,12,233,スカパー！／スカパー！プレミアムサービス,18517
2016,Ｊ２,第２９節第１日,08/14(日),19:04,京都,1-0,町田,西京極,4,622,スカパー！／スカパー！プレミアムサービス／ＫＢＳ京都,18515
2016,Ｊ２,第２９節第１日,08/14(日),19:45,Ｃ大阪,0-1,松本,金鳥スタ,13,593,スカパー！／スカパー！プレミアムサービス,18516
2016,Ｊ２,第２９節第２日,08/15(月),19:04,群馬,2-1,水戸,正田スタ,4,002,スカパー！／スカパー！プレミアムサービス,18509
2016,Ｊ２,第３０節第１日,08/21(日),18:03,千葉,2-0,岡山,フクアリ,10,109,スカパー！／スカパー！プレミアムサービス／千葉テレビ,18521
2016,Ｊ２,第３０節第１日,08/21(日),18:03,横浜FC,0-2,清水,ニッパツ,6,302,スカパー！／スカパー！プレミアムサービス,18522
2016,Ｊ２,第３０節第１日,08/21(日),18:03,長崎,1-1,愛媛,トラスタ,5,769,スカパー！／スカパー！プレミアムサービス,18525
2016,Ｊ２,第３０節第１日,08/21(日),18:03,水戸,3-2,讃岐,Ｋｓスタ,4,105,スカパー！／スカパー！プレミアムサービス,18520
2016,Ｊ２,第３０節第１日,08/21(日),18:04,山形,1-1,岐阜,ＮＤスタ,6,005,スカパー！／スカパー！プレミアムサービス,18519
2016,Ｊ２,第３０節第１日,08/21(日),18:04,金沢,1-3,Ｃ大阪,石川西部,9,316,スカパー！／スカパー！プレミアムサービス,18523
2016,Ｊ２,第３０節第１日,08/21(日),18:04,徳島,3-1,東京Ｖ,鳴門大塚,3,618,スカパー！／スカパー！プレミアムサービス,18524
2016,Ｊ２,第３０節第１日,08/21(日),19:03,熊本,1-6,北九州,うまスタ,4,549,スカパー！／スカパー！プレミアムサービス,18529
2016,Ｊ２,第３０節第１日,08/21(日),19:03,町田,0-0,群馬,町田,3,679,スカパー！／スカパー！プレミアムサービス,18526
2016,Ｊ２,第３０節第１日,08/21(日),19:03,山口,0-0,松本,維新公園,6,408,スカパー！／スカパー！プレミアムサービス,18528
2016,Ｊ２,第３０節第１日,08/21(日),19:04,京都,0-0,札幌,西京極,7,464,スカパー！／スカパー！プレミアムサービス,18527
2016,Ｊ２,第１２節第３日,08/25(木),19:05,札幌,1-0,熊本,札幌ド,9,834,スカパー！／スカパー！プレミアムサービス／北海道文化放送（録）,18329
2016,Ｊ２,第１１節第２日,08/31(水),19:03,熊本,1-2,愛媛,うまスタ,2,562,スカパー！／スカパー！プレミアムサービス／熊本放送,18320
2016,Ｊ２,第８節第５日,09/07(水),19:03,長崎,1-1,水戸,トラスタ,2,692,スカパー！／スカパー！プレミアムサービス,18282
2016,Ｊ２,第９節第２日,09/07(水),19:03,熊本,0-1,横浜FC,うまスタ,3,108,スカパー！／スカパー！プレミアムサービス,18291
2016,Ｊ２,第３１節第１日,09/11(日),12:07,札幌,3-1,群馬,札幌厚別,9,056,スカパー！／スカパー！プレミアムサービス／札幌テレビ,18530
2016,Ｊ２,第３１節第１日,09/11(日),18:04,清水,3-1,山形,アイスタ,8,646,スカパー！／スカパー！プレミアムサービス,18534
2016,Ｊ２,第３１節第１日,09/11(日),18:04,水戸,1-1,東京Ｖ,Ｋｓスタ,5,631,スカパー！／スカパー！プレミアムサービス,18531
2016,Ｊ２,第３１節第１日,09/11(日),18:04,岡山,1-0,山口,Ｃスタ,11,225,スカパー！／スカパー！プレミアムサービス,18537
2016,Ｊ２,第３１節第１日,09/11(日),18:04,北九州,0-1,徳島,本城,2,654,スカパー！／スカパー！プレミアムサービス,18540
2016,Ｊ２,第３１節第１日,09/11(日),18:04,松本,2-0,京都,松本,12,614,スカパー！／スカパー！プレミアムサービス,18533
2016,Ｊ２,第３１節第１日,09/11(日),18:05,町田,1-1,横浜FC,町田,5,101,スカパー！／スカパー！プレミアムサービス,18532
2016,Ｊ２,第３１節第１日,09/11(日),18:05,讃岐,1-1,金沢,ピカスタ,2,419,スカパー！／スカパー！プレミアムサービス,18538
2016,Ｊ２,第３１節第１日,09/11(日),18:06,岐阜,0-2,千葉,長良川,7,562,スカパー！／スカパー！プレミアムサービス／岐阜放送（録）,18535
2016,Ｊ２,第３１節第１日,09/11(日),19:04,Ｃ大阪,2-0,長崎,金鳥スタ,9,622,スカパー！／スカパー！プレミアムサービス,18536
2016,Ｊ２,第３１節第１日,09/11(日),19:04,愛媛,1-0,熊本,ニンスタ,2,955,スカパー！／スカパー！プレミアムサービス,18539
2016,Ｊ２,第３２節第１日,09/18(日),14:03,北九州,0-1,Ｃ大阪,本城,2,434,スカパー！／スカパー！プレミアムサービス,18549
2016,Ｊ２,第３２節第１日,09/18(日),16:03,千葉,1-1,山口,フクアリ,10,036,スカパー！／スカパー！プレミアムサービス／千葉テレビ,18543
2016,Ｊ２,第３２節第１日,09/18(日),16:03,東京Ｖ,3-2,讃岐,味フィ西,3,347,スカパー！／スカパー！プレミアムサービス,18544
2016,Ｊ２,第３２節第１日,09/18(日),16:04,清水,2-1,水戸,アイスタ,10,098,スカパー！／スカパー！プレミアムサービス,18547
2016,Ｊ２,第３２節第１日,09/18(日),17:03,横浜FC,2-0,京都,ニッパツ,4,040,スカパー！／スカパー！プレミアムサービス,18545
2016,Ｊ２,第３２節第１日,09/18(日),18:04,山形,2-1,徳島,ＮＤスタ,4,772,スカパー！／スカパー！プレミアムサービス,18541
2016,Ｊ２,第３２節第１日,09/18(日),18:04,金沢,1-2,町田,石川西部,2,076,スカパー！／スカパー！プレミアムサービス,18546
2016,Ｊ２,第３２節第１日,09/18(日),19:03,熊本,0-0,岡山,うまスタ,4,404,スカパー！／スカパー！プレミアムサービス,18551
2016,Ｊ２,第３２節第１日,09/18(日),19:04,群馬,1-1,松本,正田スタ,9,804,スカパー！／スカパー！プレミアムサービス／群馬テレビ（録）,18542
2016,Ｊ２,第３２節第１日,09/18(日),19:04,岐阜,2-1,愛媛,長良川,3,549,スカパー！／スカパー！プレミアムサービス／岐阜放送（録）,18548
2016,Ｊ２,第３２節第１日,09/18(日),19:33,長崎,0-0,札幌,トラスタ,7,298,スカパー！／スカパー！プレミアムサービス,18550
2016,Ｊ２,第３３節第１日,09/25(日),13:04,讃岐,1-0,横浜FC,ピカスタ,3,241,スカパー！／スカパー！プレミアムサービス／ＮＨＫ高松,18558
2016,Ｊ２,第３３節第１日,09/25(日),14:03,岡山,0-0,長崎,Ｃスタ,8,165,スカパー！／スカパー！プレミアムサービス,18556
2016,Ｊ２,第３３節第１日,09/25(日),14:04,松本,1-0,清水,松本,17,880,スカパー！／スカパー！プレミアムサービス／信越放送,18553
2016,Ｊ２,第３３節第１日,09/25(日),16:03,金沢,3-1,群馬,石川西部,3,633,スカパー！／スカパー！プレミアムサービス,18554
2016,Ｊ２,第３３節第１日,09/25(日),16:03,熊本,0-0,山形,うまスタ,4,341,スカパー！／スカパー！プレミアムサービス,18561
2016,Ｊ２,第３３節第１日,09/25(日),16:03,東京Ｖ,1-1,千葉,味スタ,6,121,スカパー！／スカパー！プレミアムサービス,18552
2016,Ｊ２,第３３節第１日,09/25(日),17:04,京都,0-0,北九州,西京極,6,919,スカパー！／スカパー！プレミアムサービス／ＫＢＳ京都（録）,18555
2016,Ｊ２,第３３節第１日,09/25(日),18:03,山口,2-3,岐阜,維新公園,5,026,スカパー！／スカパー！プレミアムサービス,18557
2016,Ｊ２,第３３節第１日,09/25(日),19:04,愛媛,1-1,水戸,ニンスタ,2,342,スカパー！／スカパー！プレミアムサービス,18560
2016,Ｊ２,第３３節第１日,09/25(日),19:04,徳島,0-1,Ｃ大阪,鳴門大塚,7,657,スカパー！／スカパー！プレミアムサービス,18559
2016,Ｊ２,第３３節第２日,09/26(月),19:04,札幌,3-2,町田,札幌ド,11,914,スカパー！／スカパー！プレミアムサービス／テレビ北海道（録）,18562
2016,Ｊ２,第３４節第１日,10/02(日),13:03,長崎,1-2,徳島,トラスタ,4,046,スカパー！／スカパー！プレミアムサービス,18573
2016,Ｊ２,第３４節第１日,10/02(日),13:04,水戸,1-0,山形,Ｋｓスタ,4,773,スカパー！／スカパー！プレミアムサービス,18563
2016,Ｊ２,第３４節第１日,10/02(日),13:04,群馬,2-1,千葉,正田スタ,6,956,スカパー！／スカパー！プレミアムサービス,18564
2016,Ｊ２,第３４節第１日,10/02(日),13:05,讃岐,2-4,松本,ピカスタ,3,082,スカパー！／スカパー！プレミアムサービス／西日本放送,18570
2016,Ｊ２,第３４節第１日,10/02(日),14:03,北九州,0-0,札幌,本城,3,095,スカパー！／スカパー！プレミアムサービス,18572
2016,Ｊ２,第３４節第１日,10/02(日),14:03,山口,0-2,熊本,下関,7,609,スカパー！／スカパー！プレミアムサービス,18569
2016,Ｊ２,第３４節第１日,10/02(日),14:04,Ｃ大阪,1-2,清水,ヤンマー,23,781,スカパー！／スカパー！プレミアムサービス,18568
2016,Ｊ２,第３４節第１日,10/02(日),15:04,京都,0-0,金沢,西京極,8,320,スカパー！／スカパー！プレミアムサービス／ＫＢＳ京都（録）,18567
2016,Ｊ２,第３４節第１日,10/02(日),16:03,町田,2-1,東京Ｖ,町田,5,016,スカパー！／スカパー！プレミアムサービス,18565
2016,Ｊ２,第３４節第１日,10/02(日),18:04,岐阜,0-5,岡山,長良川,5,250,スカパー！／スカパー！プレミアムサービス／岐阜放送（録）,18566
2016,Ｊ２,第３４節第１日,10/02(日),19:04,愛媛,3-0,横浜FC,ニンスタ,8,215,スカパー！／スカパー！プレミアムサービス,18571
2016,Ｊ２,第３５節第１日,10/08(土),12:03,札幌,1-0,水戸,札幌厚別,8,269,スカパー！／スカパー！プレミアムサービス／北海道文化放送,18574
2016,Ｊ２,第３５節第１日,10/08(土),13:03,横浜FC,2-2,長崎,ニッパツ,2,465,スカパー！／スカパー！プレミアムサービス,18578
2016,Ｊ２,第３５節第１日,10/08(土),14:04,徳島,0-0,讃岐,鳴門大塚,4,177,スカパー！／スカパー！プレミアムサービス,18583
2016,Ｊ２,第３５節第１日,10/08(土),14:04,Ｃ大阪,3-2,岐阜,金鳥スタ,9,391,スカパー！／スカパー！プレミアムサービス,18582
2016,Ｊ２,第３５節第１日,10/08(土),14:04,山形,2-2,愛媛,ＮＤスタ,3,189,スカパー！／スカパー！プレミアムサービス,18575
2016,Ｊ２,第３５節第１日,10/08(土),15:03,松本,1-1,岡山,松本,12,648,スカパー！／スカパー！プレミアムサービス／長野朝日放送,18579
2016,Ｊ２,第３５節第１日,10/08(土),15:04,清水,2-0,町田,アイスタ,10,607,スカパー！／スカパー！プレミアムサービス,18581
2016,Ｊ２,第３５節第１日,10/08(土),16:03,東京Ｖ,1-1,北九州,味スタ,4,057,スカパー！／スカパー！プレミアムサービス,18577
2016,Ｊ２,第３５節第１日,10/08(土),16:03,千葉,0-3,京都,フクアリ,8,385,スカパー！／スカパー！プレミアムサービス／千葉テレビ,18576
2016,Ｊ２,第３５節第１日,10/08(土),16:03,熊本,1-1,群馬,うまスタ,4,281,スカパー！／スカパー！プレミアムサービス,18584
2016,Ｊ２,第３５節第１日,10/08(土),18:33,金沢,1-0,山口,石川西部,2,333,スカパー！／スカパー！プレミアムサービス,18580
2016,Ｊ２,第３６節第１日,10/16(日),13:03,岡山,1-1,Ｃ大阪,Ｃスタ,15,203,スカパー！／スカパー！プレミアムサービス／テレビせとうち,18592
2016,Ｊ２,第３６節第１日,10/16(日),14:03,北九州,3-0,讃岐,本城,2,307,スカパー！／スカパー！プレミアムサービス,18595
2016,Ｊ２,第３６節第１日,10/16(日),14:04,山形,1-0,東京Ｖ,ＮＤスタ,5,584,スカパー！／スカパー！プレミアムサービス,18585
2016,Ｊ２,第３６節第１日,10/16(日),15:04,京都,1-0,岐阜,西京極,7,299,スカパー！／スカパー！プレミアムサービス／ＫＢＳ京都（録）,18591
2016,Ｊ２,第３６節第１日,10/16(日),16:03,金沢,0-3,清水,石川西部,6,655,スカパー！／スカパー！プレミアムサービス,18590
2016,Ｊ２,第３６節第１日,10/16(日),16:03,水戸,1-1,横浜FC,Ｋｓスタ,5,517,スカパー！／スカパー！プレミアムサービス,18586
2016,Ｊ２,第３６節第１日,10/16(日),16:03,千葉,0-3,松本,フクアリ,12,732,スカパー！／スカパー！プレミアムサービス／千葉テレビ,18588
2016,Ｊ２,第３６節第１日,10/16(日),16:03,町田,1-0,熊本,町田,4,218,スカパー！／スカパー！プレミアムサービス,18589
2016,Ｊ２,第３６節第１日,10/16(日),17:03,山口,2-1,徳島,維新公園,4,008,スカパー！／スカパー！プレミアムサービス,18593
2016,Ｊ２,第３６節第１日,10/16(日),19:04,愛媛,2-2,札幌,ニンスタ,2,916,スカパー！／スカパー！プレミアムサービス,18594
2016,Ｊ２,第３６節第１日,10/16(日),19:34,群馬,3-0,長崎,正田スタ,2,980,スカパー！／スカパー！プレミアムサービス／群馬テレビ,18587
2016,Ｊ２,第３７節第１日,10/22(土),14:03,札幌,1-2,東京Ｖ,札幌ド,18,868,スカパー！／スカパー！プレミアムサービス／ＮＨＫ札幌,18596
2016,Ｊ２,第３７節第１日,10/22(土),15:04,岐阜,1-2,町田,長良川,4,674,スカパー！／スカパー！プレミアムサービス／岐阜放送,18597
2016,Ｊ２,第３７節第２日,10/23(日),13:03,長崎,2-1,山口,トラスタ,4,617,スカパー！／スカパー！プレミアムサービス,18606
2016,Ｊ２,第３７節第２日,10/23(日),13:03,横浜FC,3-2,群馬,ニッパツ,4,751,スカパー！／スカパー！プレミアムサービス,18599
2016,Ｊ２,第３７節第２日,10/23(日),13:03,水戸,1-1,京都,Ｋｓスタ,4,768,スカパー！／スカパー！プレミアムサービス／ＮＨＫ水戸,18598
2016,Ｊ２,第３７節第２日,10/23(日),13:04,讃岐,0-0,熊本,ピカスタ,2,524,スカパー！／スカパー！プレミアムサービス,18604
2016,Ｊ２,第３７節第２日,10/23(日),13:04,清水,2-0,北九州,アイスタ,12,159,スカパー！／スカパー！プレミアムサービス／ＮＨＫ静岡,18601
2016,Ｊ２,第３７節第２日,10/23(日),14:03,岡山,1-2,金沢,Ｃスタ,10,031,スカパー！／スカパー！プレミアムサービス,18603
2016,Ｊ２,第３７節第２日,10/23(日),14:04,松本,1-1,愛媛,松本,13,605,スカパー！／スカパー！プレミアムサービス,18600
2016,Ｊ２,第３７節第２日,10/23(日),14:04,Ｃ大阪,2-2,山形,金鳥スタ,10,025,スカパー！／スカパー！プレミアムサービス,18602
2016,Ｊ２,第３７節第２日,10/23(日),18:04,徳島,1-0,千葉,鳴門大塚,3,946,スカパー！／スカパー！プレミアムサービス,18605
2016,Ｊ２,第３８節第１日,10/29(土),17:04,群馬,0-4,清水,正田スタ,6,227,スカパー！／スカパー！プレミアムサービス,18608
2016,Ｊ２,第３８節第２日,10/30(日),13:03,千葉,0-0,長崎,フクアリ,9,088,スカパー！／スカパー！プレミアムサービス／千葉テレビ,18609
2016,Ｊ２,第３８節第２日,10/30(日),13:03,金沢,0-0,徳島,石川西部,4,612,スカパー！／スカパー！プレミアムサービス,18612
2016,Ｊ２,第３８節第２日,10/30(日),14:03,北九州,2-1,岐阜,本城,3,700,スカパー！／スカパー！プレミアムサービス,18616
2016,Ｊ２,第３８節第２日,10/30(日),14:04,Ｃ大阪,2-2,水戸,金鳥スタ,9,445,スカパー！／スカパー！プレミアムサービス,18614
2016,Ｊ２,第３８節第２日,10/30(日),14:04,山形,0-1,松本,ＮＤスタ,7,257,スカパー！／スカパー！プレミアムサービス,18607
2016,Ｊ２,第３８節第２日,10/30(日),15:03,町田,0-1,讃岐,町田,3,580,スカパー！／スカパー！プレミアムサービス,18611
2016,Ｊ２,第３８節第２日,10/30(日),15:03,熊本,2-0,札幌,うまスタ,7,880,スカパー！／スカパー！プレミアムサービス,18617
2016,Ｊ２,第３８節第２日,10/30(日),15:03,山口,0-2,横浜FC,維新公園,13,311,スカパー！／スカパー！プレミアムサービス,18615
2016,Ｊ２,第３８節第２日,10/30(日),15:04,京都,2-0,岡山,西京極,8,714,スカパー！／スカパー！プレミアムサービス／ＫＢＳ京都（録）,18613
2016,Ｊ２,第３８節第２日,10/30(日),16:03,東京Ｖ,1-1,愛媛,味スタ,6,931,スカパー！／スカパー！プレミアムサービス,18610
2016,Ｊ２,第３９節第１日,11/03(木・祝),13:03,長崎,0-0,北九州,トラスタ,6,526,スカパー！／スカパー！プレミアムサービス,18628
2016,Ｊ２,第３９節第１日,11/03(木・祝),13:03,水戸,0-3,徳島,Ｋｓスタ,4,247,スカパー！／スカパー！プレミアムサービス,18619
2016,Ｊ２,第３９節第１日,11/03(木・祝),13:03,横浜FC,2-1,山形,ニッパツ,6,912,スカパー！／スカパー！プレミアムサービス,18623
2016,Ｊ２,第３９節第１日,11/03(木・祝),14:03,町田,1-1,岡山,町田,4,163,スカパー！／スカパー！プレミアムサービス,18622
2016,Ｊ２,第３９節第１日,11/03(木・祝),14:03,札幌,4-1,讃岐,札幌ド,21,582,スカパー！／スカパー！プレミアムサービス／北海道テレビ放送,18618
2016,Ｊ２,第３９節第１日,11/03(木・祝),14:04,松本,1-0,熊本,松本,13,241,スカパー！／スカパー！プレミアムサービス／ＮＨＫ長野,18624
2016,Ｊ２,第３９節第１日,11/03(木・祝),14:04,愛媛,3-1,金沢,ニンスタ,4,895,スカパー！／スカパー！プレミアムサービス／ＮＨＫ松山,18627
2016,Ｊ２,第３９節第１日,11/03(木・祝),14:05,清水,4-1,京都,アイスタ,13,632,スカパー！／スカパー！プレミアムサービス／静岡放送,18625
2016,Ｊ２,第３９節第１日,11/03(木・祝),16:03,東京Ｖ,2-2,山口,味スタ,4,054,スカパー！／スカパー！プレミアムサービス,18621
2016,Ｊ２,第３９節第１日,11/03(木・祝),16:33,千葉,3-0,Ｃ大阪,フクアリ,10,948,スカパー！／スカパー！プレミアムサービス／千葉テレビ,18620
2016,Ｊ２,第３９節第１日,11/03(木・祝),18:04,岐阜,2-1,群馬,長良川,3,920,スカパー！／スカパー！プレミアムサービス,18626
2016,Ｊ２,第４０節第１日,11/06(日),13:03,讃岐,1-2,清水,ピカスタ,4,609,スカパー！／スカパー！プレミアムサービス,18636
2016,Ｊ２,第４０節第１日,11/06(日),13:03,岡山,1-2,水戸,Ｃスタ,9,216,スカパー！／スカパー！プレミアムサービス／ＮＨＫ岡山,18635
2016,Ｊ２,第４０節第１日,11/06(日),13:04,松本,2-0,東京Ｖ,松本,15,343,スカパー！／スカパー！プレミアムサービス,18631
2016,Ｊ２,第４０節第１日,11/06(日),13:04,北九州,1-3,町田,本城,2,937,スカパー！／スカパー！プレミアムサービス,18638
2016,Ｊ２,第４０節第１日,11/06(日),13:04,山形,1-0,長崎,ＮＤスタ,5,206,スカパー！／スカパー！プレミアムサービス,18629
2016,Ｊ２,第４０節第１日,11/06(日),13:04,徳島,2-1,札幌,鳴門大塚,4,402,スカパー！／スカパー！プレミアムサービス,18637
2016,Ｊ２,第４０節第１日,11/06(日),13:05,岐阜,2-0,横浜FC,長良川,9,060,スカパー！／スカパー！プレミアムサービス／岐阜放送,18633
2016,Ｊ２,第４０節第１日,11/06(日),13:05,熊本,1-2,京都,うまスタ,5,686,スカパー！／スカパー！プレミアムサービス／ＮＨＫ熊本,18639
2016,Ｊ２,第４０節第１日,11/06(日),17:03,金沢,1-2,千葉,石川西部,6,352,スカパー！／スカパー！プレミアムサービス,18632
2016,Ｊ２,第４０節第１日,11/06(日),19:04,群馬,2-0,山口,正田スタ,2,850,スカパー！／スカパー！プレミアムサービス／群馬テレビ,18630
2016,Ｊ２,第４０節第１日,11/06(日),19:04,Ｃ大阪,1-0,愛媛,金鳥スタ,8,714,スカパー！／スカパー！プレミアムサービス,18634
2016,Ｊ２,第４１節第１日,11/12(土),13:03,横浜FC,0-0,金沢,ニッパツ,3,510,スカパー！／スカパー！プレミアムサービス,18644
2016,Ｊ２,第４１節第１日,11/12(土),13:03,千葉,1-2,札幌,フクアリ,12,726,スカパー！／スカパー！プレミアムサービス／千葉テレビ,18641
2016,Ｊ２,第４１節第１日,11/12(土),13:04,山口,2-2,山形,維新公園,5,839,スカパー！／スカパー！プレミアムサービス／ＮＨＫ山口,18647
2016,Ｊ２,第４１節第１日,11/12(土),14:03,町田,2-1,松本,町田,9,519,スカパー！／スカパー！プレミアムサービス,18643
2016,Ｊ２,第４１節第１日,11/12(土),14:03,熊本,1-0,岐阜,うまスタ,6,306,スカパー！／スカパー！プレミアムサービス,18650
2016,Ｊ２,第４１節第１日,11/12(土),14:04,北九州,2-2,水戸,本城,5,689,スカパー！／スカパー！プレミアムサービス／ＮＨＫ北九州,18648
2016,Ｊ２,第４１節第１日,11/12(土),14:04,京都,0-1,愛媛,西京極,7,193,スカパー！／スカパー！プレミアムサービス／ＮＨＫ京都／ＮＨＫ松山／ＫＢＳ京都（録）,18646
2016,Ｊ２,第４１節第１日,11/12(土),15:04,清水,2-1,岡山,アイスタ,16,740,スカパー！／スカパー！プレミアムサービス／テレビ静岡,18645
2016,Ｊ２,第４１節第１日,11/12(土),15:04,群馬,0-3,徳島,正田スタ,5,515,スカパー！／スカパー！プレミアムサービス,18640
2016,Ｊ２,第４１節第１日,11/12(土),16:03,東京Ｖ,1-2,Ｃ大阪,味スタ,8,340,スカパー！／スカパー！プレミアムサービス,18642
2016,Ｊ２,第４１節第１日,11/12(土),18:03,長崎,1-2,讃岐,トラスタ,3,723,スカパー！／スカパー！プレミアムサービス,18649
2016,Ｊ２,第４２節第１日,11/20(日),14:04,Ｃ大阪,1-0,熊本,金鳥スタ,11,452,スカパー！／スカパー！プレミアムサービス／ＮＨＫ大阪（近畿ブロック）／ＮＨＫ熊本,18656
2016,Ｊ２,第４２節第１日,11/20(日),14:04,札幌,0-0,金沢,札幌ド,33,697,スカパー！／スカパー！プレミアムサービス／テレビ北海道,18651
2016,Ｊ２,第４２節第１日,11/20(日),14:04,愛媛,0-1,町田,ニンスタ,4,519,スカパー！／スカパー！プレミアムサービス,18660
2016,Ｊ２,第４２節第１日,11/20(日),14:04,長崎,0-2,京都,トラスタ,5,509,スカパー！／スカパー！プレミアムサービス,18661
2016,Ｊ２,第４２節第１日,11/20(日),14:04,水戸,0-2,山口,Ｋｓスタ,7,274,スカパー！／スカパー！プレミアムサービス,18653
2016,Ｊ２,第４２節第１日,11/20(日),14:04,松本,3-2,横浜FC,松本,19,632,スカパー！／スカパー！プレミアムサービス／ＮＨＫ　ＢＳ１,18654
2016,Ｊ２,第４２節第１日,11/20(日),14:04,山形,3-0,北九州,ＮＤスタ,6,624,スカパー！／スカパー！プレミアムサービス,18652
2016,Ｊ２,第４２節第１日,11/20(日),14:04,徳島,1-2,清水,鳴門大塚,9,767,スカパー！／スカパー！プレミアムサービス／ＮＨＫ徳島,18659
2016,Ｊ２,第４２節第１日,11/20(日),14:04,讃岐,1-1,千葉,ピカスタ,4,461,スカパー！／スカパー！プレミアムサービス,18658
2016,Ｊ２,第４２節第１日,11/20(日),14:04,岡山,3-3,群馬,Ｃスタ,15,204,スカパー！／スカパー！プレミアムサービス,18657
2016,Ｊ２,第４２節第１日,11/20(日),14:04,岐阜,4-2,東京Ｖ,長良川,12,158,スカパー！／スカパー！プレミアムサービス／岐阜放送,18655
